Gruppo_1,Gruppo_2,M1,M2,Differenza,t,p,sig,Cohen_d,Effetto
studenti - secondaria,studenti - universitari,3.15625,3.3850574712643677,-0.22880747126436773,-1.0716328609920116,0.2848490454197805,ns,-0.1362440873098943,trascurabile
studenti - secondaria,insegnanti - non in servizio,3.15625,4.303030303030303,-1.1467803030303028,-5.100229156692837,8.074318778818712e-07,***,-0.7305564535248672,medio
studenti - secondaria,insegnanti - in servizio,3.15625,4.220670391061453,-1.0644203910614527,-5.760612687729938,1.5514228487581687e-08,***,-0.6620937270203908,medio
studenti - universitari,insegnanti - non in servizio,3.3850574712643677,4.303030303030303,-0.917972831765935,-4.5694732102465325,7.435017986809557e-06,***,-0.5752481591831595,medio
studenti - universitari,insegnanti - in servizio,3.3850574712643677,4.220670391061453,-0.835612919797085,-5.597946098586968,3.484649005913028e-08,***,-0.5173308662417595,medio
insegnanti - non in servizio,insegnanti - in servizio,4.303030303030303,4.220670391061453,0.08235991196885006,0.46594857196418027,0.6414752833404174,ns,0.05290990411166409,trascurabile
