Gruppo,Domanda,M_gruppo1,M_gruppo2,Differenza,t,p,sig,Cohen_d,Effetto
Insegnanti,Cambierà la didattica (generale),5.515151515151516,5.449720670391062,0.06543084476045369,0.475796710659046,0.6344475697656415,ns,0.05402819077542013,trascurabile
Insegnanti,Cambierà la mia didattica (personale),5.02020202020202,4.684357541899441,0.3358444783025787,1.9588194488533515,0.050744327175838856,ns,0.22243001791807376,piccolo
Insegnanti,Fiducia uso responsabile studenti,3.494949494949495,3.2039106145251397,0.2910388804243551,1.622879195636164,0.10530784420944653,ns,0.18428296123745805,trascurabile
Insegnanti,Preoccupazione uso IA studenti,4.616161616161616,4.709497206703911,-0.09333559054229479,-0.5131933318592061,0.6080651706327607,ns,-0.058274692988013674,trascurabile
Studenti,Preparazione insegnanti su IA,3.1354166666666665,3.7011494252873565,-0.56573275862069,-2.6464191130083874,0.008616061711939675,**,-0.3364575404654146,piccolo
Studenti,Preoccupazione uso IA compagni,2.90625,3.5344827586206895,-0.6282327586206895,-2.8610197534164743,0.004555570516528695,**,-0.3637412021118603,piccolo
