Gruppo,N_STEM,Media_STEM,SD_STEM,N_Umanistiche,Media_Umanistiche,SD_Umanistiche,Differenza_medie,t-statistic,p-value,Significativo_0.05,Significativo_0.01,Significativo_0.001
studenti - universitari,9,4.222222222222222,3.456073558887953,117,2.7435897435897436,3.0347238872124813,1.4786324786324787,1.395240325425025,0.16543723724515544,False,False,False
insegnanti - non in servizio,33,1.5757575757575757,1.8376326998053611,65,2.3076923076923075,5.905302376157055,-0.7319347319347318,-0.6936003550495229,0.48960771545663584,False,False,False
insegnanti - in servizio,151,1.6754966887417218,2.502131541637175,198,1.9191919191919191,4.646218412492478,-0.24369523045019736,-0.5831239471545722,0.5601886373675606,False,False,False
