Gruppo,N_Maschi,Media_Maschi,SD_Maschi,N_Femmine,Media_Femmine,SD_Femmine,Differenza_medie,t-statistic,p-value,Significativo_0.05,Significativo_0.01,Significativo_0.001
studenti - secondaria,16,4.875,7.570777150773008,80,6.71875,11.924828834055397,-1.84375,-0.5935485356100847,0.5542396904642578,False,False,False
studenti - universitari,30,2.4,3.0354230518081455,141,2.5460992907801416,2.899446196640624,-0.14609929078014172,-0.24857496268940568,0.8039913871816282,False,False,False
insegnanti - non in servizio,24,2.4166666666666665,2.7962189792128487,73,1.356164383561644,2.002566845976118,1.0605022831050226,2.0293919655836135,0.04521581704882852,True,False,False
insegnanti - in servizio,70,2.0285714285714285,4.242543086716989,279,1.7849462365591398,3.788042894677838,0.24362519201228872,0.4693872998843329,0.6390876231965588,False,False,False
